Pupil Name,Date of Birth,This Year's Birthday,Month,Cake Needed On,BDs per Weekday and Month
Ronna Nellies,12/21/2013,12/21/2022,December,Wednesday,9
Rusty Andriulis,7/21/2012,7/21/2022,July,Thursday,12
Roberta Oakeshott,12/4/2011,12/4/2022,December,Friday,45
Lola Rubinfajn,6/29/2012,6/29/2022,June,Wednesday,15
Kamila Benedtti,7/10/2012,7/10/2022,July,Friday,49
Avery Colebourn,8/30/2012,8/30/2022,August,Tuesday,15
Valentino Klimko,12/23/2014,12/23/2022,December,Friday,45
Cal Shearwood,1/18/2015,1/18/2022,January,Tuesday,12
King Truswell,9/14/2012,9/14/2022,September,Wednesday,7
Towney Stichall,6/4/2015,6/4/2022,June,Friday,30
Aubrette Mc Dermid,10/9/2012,10/9/2022,October,Friday,32
Adah Chatres,12/27/2012,12/27/2022,December,Tuesday,8
Benedikt Titterton,1/10/2014,1/10/2022,January,Monday,14
Rosina Harberer,12/23/2012,12/23/2022,December,Friday,45
Panchito Filinkov,6/9/2013,6/9/2022,June,Thursday,12
Samara Strike,6/26/2013,6/26/2022,June,Friday,30
Joane McCormack,4/17/2012,4/17/2022,April,Friday,55
Griffie Sitlinton,3/24/2014,3/24/2022,March,Thursday,19
Gilberta Silversmidt,9/8/2014,9/8/2022,September,Thursday,14
Marjie Matkovic,12/4/2011,12/4/2022,December,Friday,45
Uri Cowterd,12/12/2011,12/12/2022,December,Monday,20
Korella Mattisson,4/3/2015,4/3/2022,April,Friday,55
Findlay Schonfelder,1/19/2014,1/19/2022,January,Wednesday,14
Jaquelyn Jantzen,10/20/2012,10/20/2022,October,Thursday,14
Davina Gradwell,11/7/2011,11/7/2022,November,Monday,11
Nicolea Selby,4/4/2014,4/4/2022,April,Monday,10
Moselle Alelsandrovich,12/22/2012,12/22/2022,December,Thursday,20
Honey Nieass,11/23/2014,11/23/2022,November,Wednesday,17
Akim Godfroy,9/30/2012,9/30/2022,September,Friday,36
Karole Floch,11/6/2012,11/6/2022,November,Friday,39
Nata Feldbaum,5/7/2015,5/7/2022,May,Friday,31
Jaquelin Antonucci,5/3/2012,5/3/2022,May,Tuesday,15
Candra Hallums,8/11/2014,8/11/2022,August,Thursday,10
Den Masters,10/3/2014,10/3/2022,October,Monday,14
Janifer Marris,5/21/2012,5/21/2022,May,Friday,31
Carolus Bremmer,9/15/2011,9/15/2022,September,Thursday,14
Casey Addicote,9/25/2014,9/25/2022,September,Friday,36
Brigida De Ath,8/7/2014,8/7/2022,August,Friday,24
Kimberli Severs,9/19/2011,9/19/2022,September,Monday,7
Maribeth Blumson,8/27/2014,8/27/2022,August,Friday,24
Arabele Rosenauer,10/26/2012,10/26/2022,October,Wednesday,13
Madison Cominetti,7/17/2014,7/17/2022,July,Friday,49
Verina Knoton,4/4/2014,4/4/2022,April,Monday,10
Wolfgang Clubbe,4/20/2014,4/20/2022,April,Wednesday,12
Davin Mazdon,7/10/2015,7/10/2022,July,Friday,49
Constantina McIlwaine,8/26/2014,8/26/2022,August,Friday,24
Sayre Merredy,10/24/2014,10/24/2022,October,Monday,14
Rodrick Jeannot,10/19/2013,10/19/2022,October,Wednesday,13
Kain Guerre,8/10/2015,8/10/2022,August,Wednesday,10
Blinni Fieldstone,11/17/2013,11/17/2022,November,Thursday,13
Annabell Goscomb,11/10/2013,11/10/2022,November,Thursday,13
Clayborn Benazet,11/21/2014,11/21/2022,November,Monday,11
Mahala Henze,9/15/2014,9/15/2022,September,Thursday,14
Lanette Berzen,11/18/2011,11/18/2022,November,Friday,39
Keefer Ruckhard,4/2/2013,4/2/2022,April,Friday,55
Merrili Truelock,11/27/2013,11/27/2022,November,Friday,39
Joete Goutcher,1/6/2015,1/6/2022,January,Thursday,6
Miguelita Palfreman,2/17/2012,2/17/2022,February,Thursday,12
Ossie Mattes,5/15/2012,5/15/2022,May,Friday,31
Bear Vernay,5/21/2014,5/21/2022,May,Friday,31
Teodor Wragge,8/14/2015,8/14/2022,August,Friday,24
Daisie Whitelaw,1/17/2014,1/17/2022,January,Monday,14
Emlynne Littley,2/5/2015,2/5/2022,February,Friday,31
Britni Walsh,7/12/2012,7/12/2022,July,Tuesday,12
Marys Inseal,11/16/2012,11/16/2022,November,Wednesday,17
Paxton Massow,2/11/2014,2/11/2022,February,Friday,31
Kerby Scain,10/30/2012,10/30/2022,October,Friday,32
Johnathan Lamplough,9/25/2013,9/25/2022,September,Friday,36
Jeni Donald,6/7/2013,6/7/2022,June,Tuesday,11
Sylvia Abrahamsohn,11/15/2012,11/15/2022,November,Tuesday,12
Cinnamon Stoyle,1/16/2012,1/16/2022,January,Friday,33
Issi Amey,10/20/2012,10/20/2022,October,Thursday,14
Brion Letson,12/7/2012,12/7/2022,December,Wednesday,9
Nappie Sire,11/10/2011,11/10/2022,November,Thursday,13
Pattie Chapelle,12/19/2011,12/19/2022,December,Monday,20
Brynna Armit,8/12/2012,8/12/2022,August,Friday,24
Gauthier Bruinsma,9/23/2013,9/23/2022,September,Friday,36
Pren Gudgeon,9/24/2013,9/24/2022,September,Friday,36
Wyn Husthwaite,5/11/2014,5/11/2022,May,Wednesday,8
Allianora Padrick,12/7/2011,12/7/2022,December,Wednesday,9
Malena Bennough,4/20/2013,4/20/2022,April,Wednesday,12
Jarret Winscom,3/5/2013,3/5/2022,March,Friday,31
Ree Salmen,11/14/2013,11/14/2022,November,Monday,11
Hope Dommerque,9/13/2014,9/13/2022,September,Tuesday,12
Guillermo Trowle,6/24/2013,6/24/2022,June,Friday,30
Tibold Cottingham,9/3/2013,9/3/2022,September,Friday,36
Cecilia Poxton,12/20/2013,12/20/2022,December,Tuesday,8
Arri Sleney,11/23/2013,11/23/2022,November,Wednesday,17
Regina Isenor,10/16/2011,10/16/2022,October,Friday,32
Annalise Roll,7/4/2012,7/4/2022,July,Monday,11
Othello Blyth,7/19/2014,7/19/2022,July,Tuesday,12
Ave Heyball,5/1/2012,5/1/2022,May,Friday,31
Friederike Civitillo,6/24/2015,6/24/2022,June,Friday,30
Hayley Rizzini,4/26/2014,4/26/2022,April,Tuesday,4
Blakelee Monery,12/4/2013,12/4/2022,December,Friday,45
Jacenta Cowton,6/18/2013,6/18/2022,June,Friday,30
Karlyn Westmoreland,6/10/2015,6/10/2022,June,Friday,30
Yancey Bachellier,2/1/2015,2/1/2022,February,Tuesday,13
Nerte Lissandrini,12/9/2011,12/9/2022,December,Friday,45
Dorolice Crosthwaite,1/6/2015,1/6/2022,January,Thursday,6
Brantley Thorley,3/2/2012,3/2/2022,March,Wednesday,6
Robin Cypler,1/31/2015,1/31/2022,January,Monday,14
Phillie Allsepp,6/29/2012,6/29/2022,June,Wednesday,15
Toddie Artz,7/9/2013,7/9/2022,July,Friday,49
Marje Antoshin,12/26/2014,12/26/2022,December,Monday,20
Rochella Blazdell,3/31/2015,3/31/2022,March,Thursday,19
Aryn Thursfield,2/25/2015,2/25/2022,February,Friday,31
Isaiah Antowski,1/12/2014,1/12/2022,January,Wednesday,14
Helli Owbridge,8/5/2014,8/5/2022,August,Friday,24
Hadrian Scourgie,3/20/2012,3/20/2022,March,Friday,31
Toddie Nanetti,10/4/2013,10/4/2022,October,Tuesday,9
Inger Sugar,11/25/2011,11/25/2022,November,Friday,39
Lezlie Meyer,3/19/2015,3/19/2022,March,Friday,31
Rowland Krinks,12/22/2014,12/22/2022,December,Thursday,20
Fair Baumber,9/13/2011,9/13/2022,September,Tuesday,12
Ekaterina Graver,10/17/2013,10/17/2022,October,Monday,14
Farris Spear,3/3/2014,3/3/2022,March,Thursday,19
Shanie Croisier,2/9/2014,2/9/2022,February,Wednesday,8
Fredric Skerme,3/12/2012,3/12/2022,March,Friday,31
Christoph Udall,10/15/2011,10/15/2022,October,Friday,32
Jared Koba,1/15/2012,1/15/2022,January,Friday,33
Lucina Gouley,2/16/2014,2/16/2022,February,Wednesday,8
Milka Fosbraey,10/30/2011,10/30/2022,October,Friday,32
Iseabal Aldwinckle,3/8/2013,3/8/2022,March,Tuesday,13
Colet Featherstonehaugh,7/7/2012,7/7/2022,July,Thursday,12
Jewelle Skaif,1/19/2015,1/19/2022,January,Wednesday,14
Brose Plumridge,12/30/2012,12/30/2022,December,Friday,45
Dotty Oldknow,12/22/2013,12/22/2022,December,Thursday,20
Stacy Conneely,10/13/2013,10/13/2022,October,Thursday,14
Iona Ballister,6/20/2014,6/20/2022,June,Monday,9
Windy Curgenuer,10/28/2013,10/28/2022,October,Friday,32
Kienan Echalie,12/19/2014,12/19/2022,December,Monday,20
Nollie Curley,11/29/2013,11/29/2022,November,Tuesday,12
Joelle McGrory,6/23/2012,6/23/2022,June,Thursday,12
Pooh Schmidt,6/5/2012,6/5/2022,June,Friday,30
Coral Phelipeaux,1/4/2012,1/4/2022,January,Tuesday,12
Gifford McKeachie,11/21/2014,11/21/2022,November,Monday,11
Orelee Videan,10/5/2013,10/5/2022,October,Wednesday,13
Toiboid Scamerden,11/5/2013,11/5/2022,November,Friday,39
Shirline Longstaff,7/13/2013,7/13/2022,July,Wednesday,19
Hurley D'Alessandro,1/16/2014,1/16/2022,January,Friday,33
Orelia Di Domenico,11/7/2014,11/7/2022,November,Monday,11
Glynda O'Corrin,2/14/2013,2/14/2022,February,Monday,12
Bailie Caraher,10/5/2013,10/5/2022,October,Wednesday,13
Elizabeth Pattenden,6/7/2013,6/7/2022,June,Tuesday,11
Florian Lardnar,8/4/2014,8/4/2022,August,Thursday,10
Chantal Caherny,11/20/2012,11/20/2022,November,Friday,39
Sasha McMenamin,4/23/2012,4/23/2022,April,Friday,55
Ivar Verbeek,12/26/2011,12/26/2022,December,Monday,20
Jamaal Challicombe,4/2/2013,4/2/2022,April,Friday,55
Cello Milnes,3/8/2013,3/8/2022,March,Tuesday,13
Leese Leinster,11/5/2012,11/5/2022,November,Friday,39
Aleece Bernardet,1/9/2015,1/9/2022,January,Friday,33
Archibaldo Penwell,7/15/2012,7/15/2022,July,Friday,49
Berkly Dodding,10/14/2014,10/14/2022,October,Friday,32
Ynez Stive,5/18/2015,5/18/2022,May,Wednesday,8
Francene Ebbin,9/16/2012,9/16/2022,September,Friday,36
Ilise Bowring,11/12/2011,11/12/2022,November,Friday,39
Clo Knoton,4/25/2014,4/25/2022,April,Monday,10
Guthrie Valti,5/6/2014,5/6/2022,May,Friday,31
Stacey Whartonby,2/5/2013,2/5/2022,February,Friday,31
Ernesta Siggers,7/4/2015,7/4/2022,July,Monday,11
Denice Espinet,5/5/2013,5/5/2022,May,Thursday,12
Antin Luesley,4/17/2012,4/17/2022,April,Friday,55
Alon Brash,9/23/2011,9/23/2022,September,Friday,36
Harlen Penke,8/4/2014,8/4/2022,August,Thursday,10
Pyotr Anten,1/6/2012,1/6/2022,January,Thursday,6
Sean Skelton,10/3/2011,10/3/2022,October,Monday,14
Cary Johanssen,7/19/2013,7/19/2022,July,Tuesday,12
Yuri Keywood,11/10/2013,11/10/2022,November,Thursday,13
Ronnie Narducci,2/1/2015,2/1/2022,February,Tuesday,13
Chucho Longmore,4/15/2013,4/15/2022,April,Friday,55
Caleb Kupka,3/15/2014,3/15/2022,March,Tuesday,13
Robbin Harmant,1/10/2015,1/10/2022,January,Monday,14
Gaylor Shotboult,2/3/2014,2/3/2022,February,Thursday,12
Lamont Tolefree,8/17/2012,8/17/2022,August,Wednesday,10
Wood Upjohn,6/7/2012,6/7/2022,June,Tuesday,11
Brady Seeds,8/15/2012,8/15/2022,August,Monday,12
Selma Litherborough,3/20/2014,3/20/2022,March,Friday,31
Carly Peasee,7/5/2014,7/5/2022,July,Tuesday,12
Rose Artinstall,5/29/2014,5/29/2022,May,Friday,31
Hi Oleksiak,6/6/2013,6/6/2022,June,Monday,9
Berti Smardon,3/26/2014,3/26/2022,March,Friday,31
Lorraine Halbard,7/20/2013,7/20/2022,July,Wednesday,19
Aldis Sherewood,8/21/2013,8/21/2022,August,Friday,24
Rabbi McGourty,6/16/2013,6/16/2022,June,Thursday,12
Julietta Layson,5/20/2014,5/20/2022,May,Friday,31
Graehme Ditch,4/7/2015,4/7/2022,April,Thursday,11
Benetta Zanussii,7/30/2012,7/30/2022,July,Friday,49
Pandora Seelbach,5/20/2014,5/20/2022,May,Friday,31
Hatty Crotty,9/22/2013,9/22/2022,September,Thursday,14
Tessa Pogue,6/23/2015,6/23/2022,June,Thursday,12
Grantley Doogan,7/2/2014,7/2/2022,July,Friday,49
Sunny Lanning,12/28/2014,12/28/2022,December,Wednesday,9
L;urette Applegarth,9/10/2012,9/10/2022,September,Friday,36
Wendy Oscroft,1/3/2015,1/3/2022,January,Monday,14
Ev Baldack,4/23/2015,4/23/2022,April,Friday,55
Jania Pesek,4/8/2012,4/8/2022,April,Friday,55
Kelley Shenton,12/31/2012,12/31/2022,December,Friday,45
Doralynne Sekulla,3/14/2015,3/14/2022,March,Monday,8
Price Harrald,3/30/2013,3/30/2022,March,Wednesday,6
Allen Welburn,11/5/2014,11/5/2022,November,Friday,39
Merwin Doag,4/29/2015,4/29/2022,April,Friday,55
Jeannette Symonds,10/23/2012,10/23/2022,October,Friday,32
Valaree Heckner,4/30/2012,4/30/2022,April,Friday,55
Gussie Palmar,5/21/2014,5/21/2022,May,Friday,31
Yehudi Beggan,10/19/2013,10/19/2022,October,Wednesday,13
Drusilla Tuson,10/14/2014,10/14/2022,October,Friday,32
Alanah Dowtry,8/25/2014,8/25/2022,August,Thursday,10
Kathlin Cobleigh,2/26/2015,2/26/2022,February,Friday,31
Layne Curston,12/29/2013,12/29/2022,December,Thursday,20
Idell Shropshire,5/2/2015,5/2/2022,May,Monday,7
Kimbra Whelan,10/25/2013,10/25/2022,October,Tuesday,9
Nadean Godsell,2/27/2013,2/27/2022,February,Friday,31
Katinka Liger,1/25/2013,1/25/2022,January,Tuesday,12
Fallon Kettles,6/24/2013,6/24/2022,June,Friday,30
Tally Powland,7/2/2015,7/2/2022,July,Friday,49
Nolan Jerosch,10/31/2014,10/31/2022,October,Monday,14
Viva Yukhnini,12/4/2011,12/4/2022,December,Friday,45
Nevile Jurewicz,3/25/2014,3/25/2022,March,Friday,31
Brand Kaes,3/24/2014,3/24/2022,March,Thursday,19
Celine De la Yglesia,1/13/2012,1/13/2022,January,Thursday,6
Adrian Snary,7/22/2013,7/22/2022,July,Friday,49
Anny Casterot,1/26/2015,1/26/2022,January,Wednesday,14
Jacques Cosins,2/1/2012,2/1/2022,February,Tuesday,13
Lauretta Greenhalf,9/8/2013,9/8/2022,September,Thursday,14
Ettie Condie,10/23/2012,10/23/2022,October,Friday,32
Tailor Fellows,7/26/2012,7/26/2022,July,Tuesday,12
Iago Szimon,8/31/2014,8/31/2022,August,Wednesday,10
Howard Kittow,4/9/2014,4/9/2022,April,Friday,55
Smith Okenden,12/31/2012,12/31/2022,December,Friday,45
West Kibby,11/20/2013,11/20/2022,November,Friday,39
Perren Randalston,9/3/2013,9/3/2022,September,Friday,36
Garnette Chiese,3/28/2014,3/28/2022,March,Monday,8
Mace Huntingdon,5/17/2012,5/17/2022,May,Tuesday,15
Konstantine Parysowna,6/1/2015,6/1/2022,June,Wednesday,15
Cristina Oseman,3/28/2012,3/28/2022,March,Monday,8
Finley McClements,8/18/2013,8/18/2022,August,Thursday,10
Vic Barends,9/24/2014,9/24/2022,September,Friday,36
Bartholomew Coyle,10/14/2011,10/14/2022,October,Friday,32
Krystal Dunlea,5/29/2012,5/29/2022,May,Friday,31
Mireielle Lundy,7/19/2014,7/19/2022,July,Tuesday,12
Sharla Almond,11/16/2011,11/16/2022,November,Wednesday,17
Sibeal Templeton,7/22/2012,7/22/2022,July,Friday,49
Pearce Clayworth,3/19/2012,3/19/2022,March,Friday,31
Sheelah Greder,11/29/2012,11/29/2022,November,Tuesday,12
Joly Wybrow,1/8/2015,1/8/2022,January,Friday,33
Bondon Antonazzi,2/9/2012,2/9/2022,February,Wednesday,8
Gwen Biglin,1/18/2012,1/18/2022,January,Tuesday,12
Kip Blowen,7/19/2015,7/19/2022,July,Tuesday,12
Moises Orrocks,11/30/2012,11/30/2022,November,Wednesday,17
Norbie Shoveller,12/18/2012,12/18/2022,December,Friday,45
Matty Piperley,6/14/2014,6/14/2022,June,Tuesday,11
Wileen Scamadine,2/15/2015,2/15/2022,February,Tuesday,13
Armstrong Batiste,4/15/2012,4/15/2022,April,Friday,55
Daisey Blanning,11/27/2012,11/27/2022,November,Friday,39
Jammal Ouchterlony,2/24/2015,2/24/2022,February,Thursday,12
Cynthea Whittier,11/4/2014,11/4/2022,November,Friday,39
Templeton Reynard,12/19/2014,12/19/2022,December,Monday,20
Baron Sarre,12/30/2014,12/30/2022,December,Friday,45
Rex Adds,12/26/2014,12/26/2022,December,Monday,20
Oberon Pollie,9/22/2011,9/22/2022,September,Thursday,14
Dorita Messitt,3/17/2015,3/17/2022,March,Thursday,19
Floria Kitlee,7/6/2012,7/6/2022,July,Wednesday,19
James Bartles,1/12/2012,1/12/2022,January,Wednesday,14
Jay Yashaev,1/31/2013,1/31/2022,January,Monday,14
Leshia Sanderson,9/27/2013,9/27/2022,September,Tuesday,12
Tiffy Glanz,6/15/2015,6/15/2022,June,Wednesday,15
Kizzie Dod,10/5/2014,10/5/2022,October,Wednesday,13
Madlen Lethardy,3/18/2014,3/18/2022,March,Friday,31
Estella Brende,2/16/2014,2/16/2022,February,Wednesday,8
Grover Barstock,8/15/2013,8/15/2022,August,Monday,12
Amalee Marquiss,12/15/2011,12/15/2022,December,Thursday,20
Megan Blyth,4/22/2012,4/22/2022,April,Friday,55
Willette Fibbit,12/2/2013,12/2/2022,December,Friday,45
Calida Dymond,8/11/2015,8/11/2022,August,Thursday,10
Aharon Ricardin,3/2/2013,3/2/2022,March,Wednesday,6
Maurits Petyanin,12/25/2013,12/25/2022,December,Friday,45
Ermanno Polglaze,8/24/2013,8/24/2022,August,Wednesday,10
Ancell Borrel,4/24/2012,4/24/2022,April,Friday,55
Keven Latchford,9/5/2013,9/5/2022,September,Monday,7
Rona Hammill,10/25/2011,10/25/2022,October,Tuesday,9
Evita Sirett,3/13/2014,3/13/2022,March,Friday,31
Lorry Sarle,5/29/2015,5/29/2022,May,Friday,31
Kate Fannon,2/27/2014,2/27/2022,February,Friday,31
Paulina Vale,11/23/2014,11/23/2022,November,Wednesday,17
Earl Kelleway,11/6/2013,11/6/2022,November,Friday,39
Culver Daburn,5/11/2014,5/11/2022,May,Wednesday,8
Antonie Worcester,2/15/2015,2/15/2022,February,Tuesday,13
Magda Cullrford,2/4/2012,2/4/2022,February,Friday,31
Jeremiah Diack,4/27/2012,4/27/2022,April,Wednesday,12
Lynett Dibdin,6/8/2012,6/8/2022,June,Wednesday,15
Trace Neenan,9/20/2011,9/20/2022,September,Tuesday,12
Miran Gowans,1/8/2015,1/8/2022,January,Friday,33
Orsa Orrey,7/30/2015,7/30/2022,July,Friday,49
Gillie Bermingham,6/23/2014,6/23/2022,June,Thursday,12
Mikaela Madgwick,12/5/2012,12/5/2022,December,Monday,20
Maximo Greenin,4/7/2013,4/7/2022,April,Thursday,11
Daron Fellis,5/11/2013,5/11/2022,May,Wednesday,8
Dorothea Haselwood,4/23/2014,4/23/2022,April,Friday,55
Pernell Howgego,11/25/2013,11/25/2022,November,Friday,39
Jaimie Bebbell,3/22/2013,3/22/2022,March,Tuesday,13
Rici Dohms,4/9/2013,4/9/2022,April,Friday,55
Oralla Braffington,9/1/2011,9/1/2022,September,Thursday,14
Elisa Whiteley,9/5/2014,9/5/2022,September,Monday,7
Emalia Kynson,5/15/2015,5/15/2022,May,Friday,31
Kakalina Standbrook,7/23/2012,7/23/2022,July,Friday,49
Billy Dionis,12/12/2013,12/12/2022,December,Monday,20
Kit Fishbourn,4/1/2014,4/1/2022,April,Friday,55
Sayer Romain,4/11/2014,4/11/2022,April,Monday,10
Welby Dymott,4/15/2012,4/15/2022,April,Friday,55
Darci Brozsset,12/31/2012,12/31/2022,December,Friday,45
Emelyne Pierro,8/14/2012,8/14/2022,August,Friday,24
Afton Ninotti,12/16/2013,12/16/2022,December,Friday,45
Sofie Duinbleton,8/28/2015,8/28/2022,August,Friday,24
Franciskus Brittles,1/25/2013,1/25/2022,January,Tuesday,12
Darline Glandon,9/11/2013,9/11/2022,September,Friday,36
Adara Beringer,9/1/2011,9/1/2022,September,Thursday,14
Maddie Kennard,4/15/2015,4/15/2022,April,Friday,55
Bobbe Rangall,1/22/2015,1/22/2022,January,Friday,33
Osgood Darnborough,7/20/2013,7/20/2022,July,Wednesday,19
Cory Shackle,7/31/2012,7/31/2022,July,Friday,49
Denna Bulluck,10/20/2011,10/20/2022,October,Thursday,14
Jocelin Slora,9/11/2012,9/11/2022,September,Friday,36
Woodman Cockman,12/9/2012,12/9/2022,December,Friday,45
Wain Jime,12/20/2011,12/20/2022,December,Tuesday,8
Twila Bradmore,10/1/2014,10/1/2022,October,Friday,32
Marcus Lemery,11/26/2012,11/26/2022,November,Friday,39
Alia Whayman,7/6/2015,7/6/2022,July,Wednesday,19
Maximilien Shipcott,10/20/2014,10/20/2022,October,Thursday,14
Robina Exroll,6/1/2015,6/1/2022,June,Wednesday,15
Walt De Ferraris,3/31/2012,3/31/2022,March,Thursday,19
Alf Stiff,10/4/2014,10/4/2022,October,Tuesday,9
Vernon Yateman,2/12/2012,2/12/2022,February,Friday,31
Von Kearton,6/23/2015,6/23/2022,June,Thursday,12
Dacie Hunnam,5/16/2014,5/16/2022,May,Monday,7
Silvie Lepere,2/24/2012,2/24/2022,February,Thursday,12
Thorpe Trudgion,7/8/2015,7/8/2022,July,Friday,49
Lucais Hyrons,11/11/2013,11/11/2022,November,Friday,39
Matthieu Hoyer,9/4/2012,9/4/2022,September,Friday,36
Reine Djorvic,12/8/2013,12/8/2022,December,Thursday,20
Saree Farquhar,3/28/2013,3/28/2022,March,Monday,8
Sallyann Tawse,7/10/2014,7/10/2022,July,Friday,49
Victor Stonham,1/25/2013,1/25/2022,January,Tuesday,12
Corella Thumnel,5/14/2015,5/14/2022,May,Friday,31
Andy Philipard,6/12/2015,6/12/2022,June,Friday,30
Idette Bande,5/4/2014,5/4/2022,May,Wednesday,8
Allyn Wheldon,12/21/2014,12/21/2022,December,Wednesday,9
Leslie Rontree,7/17/2013,7/17/2022,July,Friday,49
Bibbie Bortolomei,11/14/2012,11/14/2022,November,Monday,11
Bartolemo Cleave,2/12/2013,2/12/2022,February,Friday,31
Korry Leirmonth,2/10/2012,2/10/2022,February,Thursday,12
Aridatha Bonicelli,11/3/2011,11/3/2022,November,Thursday,13
Twila Grinley,12/3/2013,12/3/2022,December,Friday,45
Lettie Pennyman,7/19/2012,7/19/2022,July,Tuesday,12
Blake MacIlhargy,8/21/2014,8/21/2022,August,Friday,24
Daniele McCloy,7/11/2013,7/11/2022,July,Monday,11
Felizio Weinmann,11/29/2011,11/29/2022,November,Tuesday,12
Ilsa Tettley,9/11/2013,9/11/2022,September,Friday,36
Ardyce Meriton,7/23/2012,7/23/2022,July,Friday,49
Shandee Scard,11/21/2014,11/21/2022,November,Monday,11
Cristionna Hegden,7/3/2015,7/3/2022,July,Friday,49
Mignonne Dumsday,5/29/2015,5/29/2022,May,Friday,31
Raynell Behneke,12/24/2014,12/24/2022,December,Friday,45
Adina Gawthorpe,2/15/2013,2/15/2022,February,Tuesday,13
Sheff De Andreis,10/12/2013,10/12/2022,October,Wednesday,13
Mab Canepe,12/11/2011,12/11/2022,December,Friday,45
Dynah Petrillo,8/16/2013,8/16/2022,August,Tuesday,15
Leroi Crumpe,5/6/2012,5/6/2022,May,Friday,31
Lynnett Gierardi,12/13/2013,12/13/2022,December,Tuesday,8
Winny Scoggans,3/29/2012,3/29/2022,March,Tuesday,13
Shirlene Palluschek,6/10/2012,6/10/2022,June,Friday,30
Zarah Symington,1/1/2012,1/1/2022,January,Friday,33
Bernete Westoff,10/2/2014,10/2/2022,October,Friday,32
Marlowe Daniell,3/3/2014,3/3/2022,March,Thursday,19
Berkly Stanett,3/27/2015,3/27/2022,March,Friday,31
Dominga Peat,2/15/2014,2/15/2022,February,Tuesday,13
Karlotte Vaudre,10/3/2011,10/3/2022,October,Monday,14
Carmelina Ashbridge,9/8/2012,9/8/2022,September,Thursday,14
Ricardo Barmby,11/20/2014,11/20/2022,November,Friday,39
Alyson Lindsell,7/6/2012,7/6/2022,July,Wednesday,19
Valentine McPherson,3/4/2012,3/4/2022,March,Friday,31
Analiese Bliven,11/7/2013,11/7/2022,November,Monday,11
Nathanial Matczak,8/27/2013,8/27/2022,August,Friday,24
Lanny Alyukin,11/10/2012,11/10/2022,November,Thursday,13
Emmott Barnaby,11/5/2014,11/5/2022,November,Friday,39
Trudey Skarman,6/5/2014,6/5/2022,June,Friday,30
Daloris Skillicorn,12/9/2013,12/9/2022,December,Friday,45
Ranna Eagland,8/29/2013,8/29/2022,August,Monday,12
Amitie McGairl,2/12/2015,2/12/2022,February,Friday,31
Karissa Dickon,12/3/2012,12/3/2022,December,Friday,45
Laural Hexum,9/6/2012,9/6/2022,September,Tuesday,12
Quinlan Franckton,12/26/2014,12/26/2022,December,Monday,20
Anissa Semerad,1/10/2013,1/10/2022,January,Monday,14
Aland Ashlee,7/13/2012,7/13/2022,July,Wednesday,19
Chickie Asch,12/12/2012,12/12/2022,December,Monday,20
Linda Haberjam,10/6/2011,10/6/2022,October,Thursday,14
Ad Falco,7/17/2013,7/17/2022,July,Friday,49
Care Reihill,5/3/2013,5/3/2022,May,Tuesday,15
Odelia Bayston,12/19/2011,12/19/2022,December,Monday,20
Tedi Nekrews,3/3/2013,3/3/2022,March,Thursday,19
Adore Rowan,4/30/2012,4/30/2022,April,Friday,55
Thorn Blencowe,2/19/2014,2/19/2022,February,Friday,31
Prudy Duetsche,8/1/2015,8/1/2022,August,Monday,12
Ariana Shearmer,4/20/2015,4/20/2022,April,Wednesday,12
Karoline Gash,6/6/2012,6/6/2022,June,Monday,9
Liam Sings,12/15/2012,12/15/2022,December,Thursday,20
Denise Huckleby,10/1/2012,10/1/2022,October,Friday,32
Truda Welband,1/4/2014,1/4/2022,January,Tuesday,12
Kelcey Dragonette,6/23/2012,6/23/2022,June,Thursday,12
Bridgette Hachard,5/21/2012,5/21/2022,May,Friday,31
Joy Brobeck,3/10/2013,3/10/2022,March,Thursday,19
Kimbra Yuille,3/13/2013,3/13/2022,March,Friday,31
Harold Dunckley,1/17/2014,1/17/2022,January,Monday,14
Tabbie Edgar,10/2/2011,10/2/2022,October,Friday,32
Nataniel Capinetti,8/23/2012,8/23/2022,August,Tuesday,15
Aldus Lindro,10/21/2011,10/21/2022,October,Friday,32
Shaylah Bottle,7/6/2014,7/6/2022,July,Wednesday,19
Pammie Maxweell,11/11/2013,11/11/2022,November,Friday,39
Ericka Ebourne,2/28/2012,2/28/2022,February,Monday,12
Trstram Macci,4/16/2013,4/16/2022,April,Friday,55
Malory Jonk,4/10/2012,4/10/2022,April,Friday,55
Jammal Reubens,5/28/2012,5/28/2022,May,Friday,31
Ramsay Wither,6/14/2012,6/14/2022,June,Tuesday,11
Yoshiko Dies,3/11/2013,3/11/2022,March,Friday,31
Nicky Rawes,2/13/2012,2/13/2022,February,Friday,31
Bourke Upson,10/10/2011,10/10/2022,October,Monday,14
Bernetta Barkaway,1/23/2013,1/23/2022,January,Friday,33
Cynthie Marthen,8/26/2014,8/26/2022,August,Friday,24
Patricio Meakin,11/17/2012,11/17/2022,November,Thursday,13
Ivonne World,10/6/2011,10/6/2022,October,Thursday,14
Joey McJury,3/24/2012,3/24/2022,March,Thursday,19
Tammie Alabone,12/8/2013,12/8/2022,December,Thursday,20
Emmie Laba,4/7/2013,4/7/2022,April,Thursday,11
Blinny Upwood,3/15/2013,3/15/2022,March,Tuesday,13
Carmine Budd,5/3/2012,5/3/2022,May,Tuesday,15
Walker Capron,8/30/2015,8/30/2022,August,Tuesday,15
Hollyanne Tomaszewicz,5/3/2014,5/3/2022,May,Tuesday,15
Johna Kordova,11/29/2012,11/29/2022,November,Tuesday,12
Brit Craze,12/29/2012,12/29/2022,December,Thursday,20
Babs Swaysland,4/21/2013,4/21/2022,April,Thursday,11
Ronica Proppers,3/7/2015,3/7/2022,March,Monday,8
Sasha Corsor,8/9/2013,8/9/2022,August,Tuesday,15
Grethel Husset,8/7/2015,8/7/2022,August,Friday,24
Lotta Ucceli,6/17/2015,6/17/2022,June,Friday,30
Gerrie Bonehill,11/5/2012,11/5/2022,November,Friday,39
Buckie Ezzle,8/29/2015,8/29/2022,August,Monday,12
Kizzie Columbine,6/30/2012,6/30/2022,June,Thursday,12
Bobbie Cobbing,9/28/2012,9/28/2022,September,Wednesday,7
Dasha Traite,4/8/2014,4/8/2022,April,Friday,55
Janetta Dressell,8/26/2015,8/26/2022,August,Friday,24
Randall Barnfield,2/5/2012,2/5/2022,February,Friday,31
Vonni Mullin,3/21/2013,3/21/2022,March,Monday,8
Reg Watting,2/19/2012,2/19/2022,February,Friday,31
Stanley Monks,1/15/2012,1/15/2022,January,Friday,33
Cori Oolahan,11/25/2012,11/25/2022,November,Friday,39
Killian Cater,1/23/2015,1/23/2022,January,Friday,33
Angil Grundy,12/24/2011,12/24/2022,December,Friday,45
Winston Coltan,7/29/2013,7/29/2022,July,Friday,49
Elianora Killshaw,4/7/2014,4/7/2022,April,Thursday,11
Elsa Yakutin,7/3/2012,7/3/2022,July,Friday,49
Melodie Maine,10/15/2011,10/15/2022,October,Friday,32
Gena Hollyman,1/14/2013,1/14/2022,January,Friday,33
Vallie Beetles,5/21/2015,5/21/2022,May,Friday,31
Jada Lindenman,9/4/2014,9/4/2022,September,Friday,36
Consolata Augur,9/9/2013,9/9/2022,September,Friday,36
Gail Farnish,11/6/2012,11/6/2022,November,Friday,39
Jdavie Chard,7/20/2013,7/20/2022,July,Wednesday,19
Hartwell Drakeley,1/21/2014,1/21/2022,January,Friday,33
Tanitansy Lowther,12/4/2012,12/4/2022,December,Friday,45
Cherie Himsworth,12/2/2011,12/2/2022,December,Friday,45
Pail Weadick,4/21/2015,4/21/2022,April,Thursday,11
Ivy Bridgen,3/6/2012,3/6/2022,March,Friday,31
Porty Lowdiane,1/31/2015,1/31/2022,January,Monday,14
Emylee Shawel,5/2/2014,5/2/2022,May,Monday,7
Hayward MacKellen,4/29/2014,4/29/2022,April,Friday,55
Charita Mabee,8/27/2013,8/27/2022,August,Friday,24
Lelah Huyghe,10/16/2011,10/16/2022,October,Friday,32
Audre Balsdon,10/16/2012,10/16/2022,October,Friday,32
Melesa Carillo,7/23/2013,7/23/2022,July,Friday,49
Penny Nertney,4/24/2012,4/24/2022,April,Friday,55
Devan Soppett,7/16/2015,7/16/2022,July,Friday,49
Philippe Plume,8/16/2013,8/16/2022,August,Tuesday,15
Hunt Zamboniari,12/1/2013,12/1/2022,December,Thursday,20
Ralina O'Lunny,5/29/2014,5/29/2022,May,Friday,31
Marianne Doig,11/8/2011,11/8/2022,November,Tuesday,12
Hildegaard Loveredge,2/3/2012,2/3/2022,February,Thursday,12
Renee Ingray,7/26/2012,7/26/2022,July,Tuesday,12
Stevana Baddiley,2/16/2015,2/16/2022,February,Wednesday,8
Rafaelita Punshon,11/9/2011,11/9/2022,November,Wednesday,17
Dacie Harnetty,3/24/2012,3/24/2022,March,Thursday,19
Davidde Linch,1/22/2015,1/22/2022,January,Friday,33
Helsa Parham,5/4/2014,5/4/2022,May,Wednesday,8
Gustave Pickervance,11/3/2012,11/3/2022,November,Thursday,13
Stearn Quilleash,9/18/2011,9/18/2022,September,Friday,36
Bernhard Pakes,4/9/2013,4/9/2022,April,Friday,55
Zebadiah Nudde,11/9/2011,11/9/2022,November,Wednesday,17
Edgardo Bickell,3/31/2014,3/31/2022,March,Thursday,19
Alane Biddiss,7/29/2012,7/29/2022,July,Friday,49
Marylynne Hinckesman,10/10/2014,10/10/2022,October,Monday,14
Leslie Hann,5/24/2013,5/24/2022,May,Tuesday,15
Johna Degue,2/17/2012,2/17/2022,February,Thursday,12
Leupold Paladino,4/30/2014,4/30/2022,April,Friday,55
Adham Purrier,5/17/2012,5/17/2022,May,Tuesday,15
Adlai Trippitt,8/22/2013,8/22/2022,August,Monday,12
Anthony Paolazzi,12/17/2013,12/17/2022,December,Friday,45
Muhammad Daysh,4/14/2015,4/14/2022,April,Thursday,11
Reyna Dudson,4/27/2015,4/27/2022,April,Wednesday,12
Olivia Elsay,6/29/2014,6/29/2022,June,Wednesday,15
Rica Greensitt,8/21/2013,8/21/2022,August,Friday,24
Puff Wattam,6/29/2013,6/29/2022,June,Wednesday,15
Claudina Biasetti,2/20/2014,2/20/2022,February,Friday,31
Terrance Sibary,6/4/2015,6/4/2022,June,Friday,30
Celinka Skey,9/23/2014,9/23/2022,September,Friday,36
Dew Bartlett,11/23/2014,11/23/2022,November,Wednesday,17
Gaye Dallison,5/26/2015,5/26/2022,May,Thursday,12
Terry Lillow,8/10/2013,8/10/2022,August,Wednesday,10
Shel Vice,1/23/2015,1/23/2022,January,Friday,33
Drucy Greet,10/18/2011,10/18/2022,October,Tuesday,9
Ingelbert Sessuns,7/14/2013,7/14/2022,July,Thursday,12
Zak Lillee,8/26/2013,8/26/2022,August,Friday,24
Mirilla Davidow,11/21/2014,11/21/2022,November,Monday,11
Buiron Crauford,3/18/2012,3/18/2022,March,Friday,31
Gizela Oke,4/30/2015,4/30/2022,April,Friday,55
Candace Glowacz,1/3/2015,1/3/2022,January,Monday,14
Rockey Center,1/30/2014,1/30/2022,January,Friday,33
Lannie Bessey,2/6/2012,2/6/2022,February,Friday,31
Blanche Edling,11/2/2012,11/2/2022,November,Wednesday,17
Yevette Crimpe,4/15/2015,4/15/2022,April,Friday,55
Kimmy Brody,3/13/2012,3/13/2022,March,Friday,31
Burnaby Gosby,9/9/2013,9/9/2022,September,Friday,36
Bearnard Swainston,1/11/2013,1/11/2022,January,Tuesday,12
Chrissie Torrans,8/2/2014,8/2/2022,August,Tuesday,15
Marc Bailey,9/28/2014,9/28/2022,September,Wednesday,7
Merl Pudner,10/3/2014,10/3/2022,October,Monday,14
Ivar Noddings,5/5/2013,5/5/2022,May,Thursday,12
Maryjo Dewicke,2/9/2012,2/9/2022,February,Wednesday,8
Kippar Lambrecht,6/24/2012,6/24/2022,June,Friday,30
Donielle Selwyne,3/3/2015,3/3/2022,March,Thursday,19
Kerstin Escreet,10/28/2013,10/28/2022,October,Friday,32
Theresina Woolnough,9/19/2014,9/19/2022,September,Monday,7
Marie Antuk,8/11/2015,8/11/2022,August,Thursday,10
Dolorita Borrows,11/20/2011,11/20/2022,November,Friday,39
Cass Seivertsen,3/1/2015,3/1/2022,March,Tuesday,13
Trumaine Goncalo,1/9/2012,1/9/2022,January,Friday,33
Frank Mersh,9/4/2014,9/4/2022,September,Friday,36
Magdalene Treend,10/20/2011,10/20/2022,October,Thursday,14
Blanca Arnaez,4/27/2015,4/27/2022,April,Wednesday,12
Shirline Saben,2/7/2012,2/7/2022,February,Monday,12
Grace Fernie,6/20/2014,6/20/2022,June,Monday,9
Theda Ryam,6/15/2013,6/15/2022,June,Wednesday,15
Ginny Sebyer,12/22/2014,12/22/2022,December,Thursday,20
Jesse Worsall,4/24/2015,4/24/2022,April,Friday,55
Sammy Ferrarotti,7/23/2013,7/23/2022,July,Friday,49
Alta Ianittello,1/3/2013,1/3/2022,January,Monday,14
Joye Sleit,7/29/2013,7/29/2022,July,Friday,49
Hanny Cullity,7/1/2015,7/1/2022,July,Friday,49
Fair Brandi,6/14/2012,6/14/2022,June,Tuesday,11
Derry Crowest,8/2/2015,8/2/2022,August,Tuesday,15
Sasha Tukesby,5/19/2013,5/19/2022,May,Thursday,12
Jeffry De Blasio,6/9/2012,6/9/2022,June,Thursday,12
Mildrid Blurton,7/4/2013,7/4/2022,July,Monday,11
Benedetto Staker,9/11/2012,9/11/2022,September,Friday,36
Yalonda Cranch,4/8/2015,4/8/2022,April,Friday,55
Andeee Dorrity,7/25/2015,7/25/2022,July,Monday,11
Aron Cosslett,7/16/2013,7/16/2022,July,Friday,49
Agretha Ivanchikov,9/23/2011,9/23/2022,September,Friday,36
Desirae Tondeur,7/15/2014,7/15/2022,July,Friday,49
De witt Moorton,6/6/2014,6/6/2022,June,Monday,9
Etti Ehlerding,11/23/2012,11/23/2022,November,Wednesday,17
Stavros Rhead,11/20/2014,11/20/2022,November,Friday,39
Ansley Took,8/17/2015,8/17/2022,August,Wednesday,10
Langston Janjic,1/6/2014,1/6/2022,January,Thursday,6
Yasmin Jinkins,9/4/2011,9/4/2022,September,Friday,36
Corry Lassells,11/24/2011,11/24/2022,November,Thursday,13
Kareem Shieldon,4/11/2012,4/11/2022,April,Monday,10
Blair Troyes,12/19/2013,12/19/2022,December,Monday,20
Ivy Briscam,1/7/2014,1/7/2022,January,Friday,33
Billie Keyte,4/10/2013,4/10/2022,April,Friday,55
Rhodie Lissimore,1/9/2012,1/9/2022,January,Friday,33
Jeannie Clausen-Thue,12/17/2012,12/17/2022,December,Friday,45
Lonnard Stivey,5/2/2014,5/2/2022,May,Monday,7
Jany Batcock,9/13/2012,9/13/2022,September,Tuesday,12
Demetris Aslett,7/23/2013,7/23/2022,July,Friday,49
Tammy Elcombe,7/13/2013,7/13/2022,July,Wednesday,19
Eddy O'Gaven,8/26/2013,8/26/2022,August,Friday,24
Stacee Martine,9/6/2013,9/6/2022,September,Tuesday,12
Vivyanne Aughtie,6/23/2013,6/23/2022,June,Thursday,12
Flinn Tollfree,3/12/2013,3/12/2022,March,Friday,31
Indira Verna,6/24/2012,6/24/2022,June,Friday,30
Maximilianus Hannam,12/11/2012,12/11/2022,December,Friday,45
Galvan Pioch,12/4/2013,12/4/2022,December,Friday,45
Margi Sentance,4/26/2015,4/26/2022,April,Tuesday,4
Ches Thornebarrow,1/14/2014,1/14/2022,January,Friday,33
Evelin Myott,8/2/2015,8/2/2022,August,Tuesday,15
Emmalyn Piegrome,12/18/2014,12/18/2022,December,Friday,45
Lindy Wallman,11/27/2012,11/27/2022,November,Friday,39
Kori Feavers,12/7/2011,12/7/2022,December,Wednesday,9
Gussy Dowdell,7/8/2014,7/8/2022,July,Friday,49
Merci Tutsell,12/1/2014,12/1/2022,December,Thursday,20
Kameko Sherer,8/4/2012,8/4/2022,August,Thursday,10
Amye Barwis,6/5/2012,6/5/2022,June,Friday,30
Louisa McRamsey,8/23/2015,8/23/2022,August,Tuesday,15
Aveline Peggram,1/18/2015,1/18/2022,January,Tuesday,12
Valerie MacDonagh,7/4/2014,7/4/2022,July,Monday,11
Ileana Paolicchi,6/3/2012,6/3/2022,June,Friday,30
Warden McDonnell,12/23/2013,12/23/2022,December,Friday,45
Cristi Hargrove,8/16/2012,8/16/2022,August,Tuesday,15
Warde Fullwood,10/19/2011,10/19/2022,October,Wednesday,13
Tristan Parman,12/18/2012,12/18/2022,December,Friday,45
Patience Turfin,3/23/2012,3/23/2022,March,Wednesday,6
Melva Bradburn,7/1/2014,7/1/2022,July,Friday,49
Robinett Kingaby,2/27/2015,2/27/2022,February,Friday,31
Jennee Portch,4/1/2012,4/1/2022,April,Friday,55
Tomi Murrison,5/11/2015,5/11/2022,May,Wednesday,8
Freddi Phillps,11/10/2011,11/10/2022,November,Thursday,13
Hagan Rawne,10/4/2014,10/4/2022,October,Tuesday,9
Frieda Peart,3/2/2012,3/2/2022,March,Wednesday,6
Lucien Crean,12/8/2013,12/8/2022,December,Thursday,20
Gilemette Vezey,3/12/2013,3/12/2022,March,Friday,31
Janith Amburgy,4/17/2013,4/17/2022,April,Friday,55
Cross Oleksinski,1/14/2015,1/14/2022,January,Friday,33
Krystle Davage,7/27/2012,7/27/2022,July,Wednesday,19
Doria Oulet,7/28/2014,7/28/2022,July,Thursday,12
Normie Cleave,3/20/2015,3/20/2022,March,Friday,31
Waly Tomet,2/9/2014,2/9/2022,February,Wednesday,8
Wadsworth Gores,12/20/2011,12/20/2022,December,Tuesday,8
Kyrstin Liebermann,12/8/2011,12/8/2022,December,Thursday,20
Deni Baudin,11/3/2011,11/3/2022,November,Thursday,13
Ceciley Kubicki,7/28/2015,7/28/2022,July,Thursday,12
Jordanna Siley,4/22/2013,4/22/2022,April,Friday,55
Bobbette Whiteley,2/7/2013,2/7/2022,February,Monday,12
Peyton Addekin,5/11/2013,5/11/2022,May,Wednesday,8
Lief Barajaz,2/19/2012,2/19/2022,February,Friday,31
Esmaria Tawn,7/20/2013,7/20/2022,July,Wednesday,19
Suzanne Guiso,6/4/2013,6/4/2022,June,Friday,30
Korella Lavelle,5/12/2013,5/12/2022,May,Thursday,12
Harold Heminsley,10/16/2012,10/16/2022,October,Friday,32
Minnaminnie Vaneev,5/26/2014,5/26/2022,May,Thursday,12
Amitie Elvy,10/6/2013,10/6/2022,October,Thursday,14
Markus Madill,8/21/2014,8/21/2022,August,Friday,24
Carmon Phear,1/9/2013,1/9/2022,January,Friday,33
Freddie Eldered,6/25/2015,6/25/2022,June,Friday,30
Vallie Payton,10/8/2012,10/8/2022,October,Friday,32
Rafaello Shelp,12/25/2014,12/25/2022,December,Friday,45
Elana Dupree,4/9/2012,4/9/2022,April,Friday,55
Davita Reder,7/21/2013,7/21/2022,July,Thursday,12
Zedekiah Anstie,9/8/2011,9/8/2022,September,Thursday,14
Cassie Margaritelli,9/20/2011,9/20/2022,September,Tuesday,12
Sinclair Blacklock,5/5/2015,5/5/2022,May,Thursday,12
Farrell Nise,1/8/2013,1/8/2022,January,Friday,33
Georgena Richings,5/22/2015,5/22/2022,May,Friday,31
Kahlil Buie,9/28/2012,9/28/2022,September,Wednesday,7
Drusi Beckenham,4/14/2012,4/14/2022,April,Thursday,11
Bogey Andresen,1/23/2012,1/23/2022,January,Friday,33
Jobi Dreossi,4/15/2015,4/15/2022,April,Friday,55
Isacco Holston,6/28/2012,6/28/2022,June,Tuesday,11
Andris Somerbell,3/27/2015,3/27/2022,March,Friday,31
Casey Kelshaw,2/24/2015,2/24/2022,February,Thursday,12
Dru Lorryman,8/15/2012,8/15/2022,August,Monday,12
Gothart Duigan,2/19/2014,2/19/2022,February,Friday,31
Jarred Aggas,1/14/2014,1/14/2022,January,Friday,33
Emili Matyja,1/5/2013,1/5/2022,January,Wednesday,14
Sherilyn Jilkes,3/22/2012,3/22/2022,March,Tuesday,13
Jacklin Scoyne,1/29/2015,1/29/2022,January,Friday,33
Kip Bannell,10/18/2012,10/18/2022,October,Tuesday,9
Miles Pavitt,7/27/2015,7/27/2022,July,Wednesday,19
Hedvig Abbot,3/20/2014,3/20/2022,March,Friday,31
Melisa Fibbens,3/31/2015,3/31/2022,March,Thursday,19
Jecho Ebbrell,11/2/2014,11/2/2022,November,Wednesday,17
Barris Traves,11/18/2013,11/18/2022,November,Friday,39
Norrie Kencott,7/25/2012,7/25/2022,July,Monday,11
Randell Gummow,8/1/2013,8/1/2022,August,Monday,12
Robby Scrivener,11/19/2014,11/19/2022,November,Friday,39
Gonzales Blanchard,6/4/2013,6/4/2022,June,Friday,30
Marcela Gath,11/5/2011,11/5/2022,November,Friday,39
Meryl Laytham,11/22/2012,11/22/2022,November,Tuesday,12
Jacinda Gelderd,5/12/2015,5/12/2022,May,Thursday,12
Ilyssa Fortie,5/21/2015,5/21/2022,May,Friday,31
Pascale Casini,5/14/2013,5/14/2022,May,Friday,31
Katlin Maulden,2/19/2013,2/19/2022,February,Friday,31
Perkin Caughey,10/16/2012,10/16/2022,October,Friday,32
Leopold Banton,7/21/2012,7/21/2022,July,Thursday,12
Brittaney Cumberpatch,8/24/2013,8/24/2022,August,Wednesday,10
Glynda Lidierth,1/23/2015,1/23/2022,January,Friday,33
Lukas Gallon,12/12/2011,12/12/2022,December,Monday,20
Massimo Bedminster,4/13/2014,4/13/2022,April,Wednesday,12
Franciska Betonia,7/11/2012,7/11/2022,July,Monday,11
Kathrine Ducastel,5/10/2012,5/10/2022,May,Tuesday,15
Jaymee Mannakee,10/2/2012,10/2/2022,October,Friday,32
Cam Riccardini,2/1/2015,2/1/2022,February,Tuesday,13
Jamima Cossor,11/5/2013,11/5/2022,November,Friday,39
Red Braybrook,5/12/2012,5/12/2022,May,Thursday,12
Agnese Wahlberg,7/18/2013,7/18/2022,July,Monday,11
Erasmus Simmers,12/29/2014,12/29/2022,December,Thursday,20
Amye Berni,10/3/2014,10/3/2022,October,Monday,14
Korney Perring,9/23/2013,9/23/2022,September,Friday,36
Tiphany Yepiskov,6/27/2015,6/27/2022,June,Monday,9
Jeannette Kocher,7/7/2013,7/7/2022,July,Thursday,12
Brig Tremontana,3/1/2014,3/1/2022,March,Tuesday,13
Hiram Birkenshaw,7/3/2013,7/3/2022,July,Friday,49
Louis Gabbatiss,2/22/2012,2/22/2022,February,Tuesday,13
Christoforo Gillon,2/14/2012,2/14/2022,February,Monday,12
Tatum Daughton,4/8/2015,4/8/2022,April,Friday,55
Amberly Wones,7/22/2013,7/22/2022,July,Friday,49
Suzanna Richardeau,5/7/2013,5/7/2022,May,Friday,31
Jamima Heed,9/10/2011,9/10/2022,September,Friday,36
Sandy Helks,4/2/2013,4/2/2022,April,Friday,55
Gabbi Dowdell,6/22/2013,6/22/2022,June,Wednesday,15
Faustine Trimmell,12/22/2013,12/22/2022,December,Thursday,20
Keelia McBoyle,3/21/2015,3/21/2022,March,Monday,8
Wanids Jaffrey,7/12/2013,7/12/2022,July,Tuesday,12
Flint Donlon,3/10/2015,3/10/2022,March,Thursday,19
Emile Sprules,2/18/2014,2/18/2022,February,Friday,31
Ferne Poure,5/21/2015,5/21/2022,May,Friday,31
Antoine Haycox,9/14/2014,9/14/2022,September,Wednesday,7
Henka Tartt,5/31/2014,5/31/2022,May,Tuesday,15
Glennis Eastlake,10/25/2012,10/25/2022,October,Tuesday,9
Norris Denness,7/13/2014,7/13/2022,July,Wednesday,19
Michele Keford,3/15/2015,3/15/2022,March,Tuesday,13
Chere Vinson,3/4/2013,3/4/2022,March,Friday,31
Natalie Swynfen,10/6/2013,10/6/2022,October,Thursday,14
Zane Slaght,12/15/2011,12/15/2022,December,Thursday,20
Penni Nobriga,5/27/2014,5/27/2022,May,Friday,31
Deb Martina,3/22/2013,3/22/2022,March,Tuesday,13
Alix McGonnell,10/20/2012,10/20/2022,October,Thursday,14
Poppy Denniston,11/12/2012,11/12/2022,November,Friday,39
Dino Behr,12/20/2012,12/20/2022,December,Tuesday,8
Nikolai Paynton,4/6/2015,4/6/2022,April,Wednesday,12
Kalindi Abella,12/5/2011,12/5/2022,December,Monday,20
Lina Jedrzejczyk,9/13/2014,9/13/2022,September,Tuesday,12
Darrick Shellard,3/27/2013,3/27/2022,March,Friday,31
Eunice Brazur,1/16/2012,1/16/2022,January,Friday,33
Livvyy Vasquez,9/15/2011,9/15/2022,September,Thursday,14
Hyacintha Figgen,6/2/2012,6/2/2022,June,Thursday,12
Reggis Daniello,10/16/2014,10/16/2022,October,Friday,32
Braden Berrane,4/30/2015,4/30/2022,April,Friday,55
Gil Wyrall,12/13/2011,12/13/2022,December,Tuesday,8
Emylee Yurygyn,4/24/2014,4/24/2022,April,Friday,55
Rori Colvill,4/8/2014,4/8/2022,April,Friday,55
Margot Ibbitson,2/24/2015,2/24/2022,February,Thursday,12
Brenden Greengrass,11/20/2012,11/20/2022,November,Friday,39
Pepi Marte,12/30/2013,12/30/2022,December,Friday,45
Lindi Veare,8/27/2014,8/27/2022,August,Friday,24
Randi Slucock,8/16/2015,8/16/2022,August,Tuesday,15
Tate Guitton,7/9/2014,7/9/2022,July,Friday,49
Farris Queree,11/11/2013,11/11/2022,November,Friday,39
Janina Goulstone,6/20/2012,6/20/2022,June,Monday,9
Samara McCuaig,9/6/2012,9/6/2022,September,Tuesday,12
Austin Sangwin,7/7/2014,7/7/2022,July,Thursday,12
Jasmina Langforth,4/3/2012,4/3/2022,April,Friday,55
Marve Geaney,4/15/2014,4/15/2022,April,Friday,55
Alyda Drinkel,8/22/2012,8/22/2022,August,Monday,12
Karry McLean,10/5/2011,10/5/2022,October,Wednesday,13
Jorgan Beggan,2/28/2015,2/28/2022,February,Monday,12
Ned Mathouse,11/12/2013,11/12/2022,November,Friday,39
Harrietta Chumley,1/20/2012,1/20/2022,January,Thursday,6
Florida Forestall,11/2/2012,11/2/2022,November,Wednesday,17
Dodie Potteril,10/5/2011,10/5/2022,October,Wednesday,13
Lacey Addeycott,8/28/2013,8/28/2022,August,Friday,24
Yoshiko Cona,12/23/2011,12/23/2022,December,Friday,45
Maggi Readwood,2/7/2014,2/7/2022,February,Monday,12
Davon Regglar,12/27/2012,12/27/2022,December,Tuesday,8
Laird Dainty,6/27/2015,6/27/2022,June,Monday,9
Melvin Halfhyde,5/12/2012,5/12/2022,May,Thursday,12
Emlen Dumingo,11/19/2014,11/19/2022,November,Friday,39
Aliza Tarbett,4/6/2014,4/6/2022,April,Wednesday,12
Rosalynd Henrion,1/26/2013,1/26/2022,January,Wednesday,14
Agata Martyn,11/23/2013,11/23/2022,November,Wednesday,17
Basia Oswal,7/6/2015,7/6/2022,July,Wednesday,19
Trumaine Beggs,8/31/2012,8/31/2022,August,Wednesday,10
Loreen MacCauley,6/7/2015,6/7/2022,June,Tuesday,11
Lynea Zorzi,1/24/2013,1/24/2022,January,Monday,14
Hans Bolstridge,11/29/2012,11/29/2022,November,Tuesday,12
Irvine Roycroft,8/11/2013,8/11/2022,August,Thursday,10
Thorstein Valente,3/11/2014,3/11/2022,March,Friday,31
Rosemonde Grovier,4/7/2015,4/7/2022,April,Thursday,11
Pepe Elsey,12/4/2014,12/4/2022,December,Friday,45
Nick Jurzyk,12/26/2014,12/26/2022,December,Monday,20
Katharina Joscelyne,4/17/2014,4/17/2022,April,Friday,55
Skip Geipel,9/25/2014,9/25/2022,September,Friday,36
Parrnell Penrith,9/4/2011,9/4/2022,September,Friday,36
Reggis Ferandez,3/18/2014,3/18/2022,March,Friday,31
Valentine Bischof,6/28/2014,6/28/2022,June,Tuesday,11
Adah Townson,5/2/2013,5/2/2022,May,Monday,7
Andy Yosifov,6/15/2015,6/15/2022,June,Wednesday,15
Tracey Milham,1/2/2015,1/2/2022,January,Friday,33
Tammie Meynell,4/10/2014,4/10/2022,April,Friday,55
Haywood Tithecote,10/28/2013,10/28/2022,October,Friday,32
Caye Gove,8/13/2013,8/13/2022,August,Friday,24
Armstrong Nutman,1/5/2012,1/5/2022,January,Wednesday,14
Mariska Bront,9/20/2013,9/20/2022,September,Tuesday,12
Shina Ivanin,7/5/2013,7/5/2022,July,Tuesday,12
Vance Bissiker,6/26/2013,6/26/2022,June,Friday,30
Ebenezer Tussaine,2/28/2015,2/28/2022,February,Monday,12
Findley Enriques,1/17/2014,1/17/2022,January,Monday,14
Rosamond Belshaw,2/6/2014,2/6/2022,February,Friday,31
Barclay Fieldgate,4/30/2012,4/30/2022,April,Friday,55
Tammie O' Connell,12/29/2011,12/29/2022,December,Thursday,20
Jami Plunket,7/16/2014,7/16/2022,July,Friday,49
Stacee Spinetti,4/20/2015,4/20/2022,April,Wednesday,12
Correna Segrave,7/9/2013,7/9/2022,July,Friday,49
Gil Hele,5/3/2012,5/3/2022,May,Tuesday,15
Isaiah Doig,11/1/2013,11/1/2022,November,Tuesday,12
Davidson Quodling,6/19/2014,6/19/2022,June,Friday,30
Saul Swaby,7/28/2014,7/28/2022,July,Thursday,12
Melanie Glassard,8/22/2013,8/22/2022,August,Monday,12
Sharity Galland,1/16/2012,1/16/2022,January,Friday,33
Antoine Lillgard,5/10/2014,5/10/2022,May,Tuesday,15
Dorotea Wadesworth,9/12/2011,9/12/2022,September,Monday,7
Kimberlee Ciani,10/24/2014,10/24/2022,October,Monday,14
Pauline Dorsey,3/3/2015,3/3/2022,March,Thursday,19
Bettina Forward,7/7/2015,7/7/2022,July,Thursday,12
Mike Ginnelly,10/30/2011,10/30/2022,October,Friday,32
Conroy Hatcliffe,6/18/2012,6/18/2022,June,Friday,30
Cecil Gavaghan,1/12/2013,1/12/2022,January,Wednesday,14
Filippa Pattingson,11/4/2014,11/4/2022,November,Friday,39
Janene Harford,2/27/2012,2/27/2022,February,Friday,31
Carri Livings,7/27/2012,7/27/2022,July,Wednesday,19
Mitzi Kleinhandler,10/19/2013,10/19/2022,October,Wednesday,13
Shaine Matas,10/16/2012,10/16/2022,October,Friday,32
Fraze Tutin,9/2/2013,9/2/2022,September,Friday,36
Nola Mallett,6/10/2015,6/10/2022,June,Friday,30
Hardy Burford,4/5/2014,4/5/2022,April,Tuesday,4
Sarine Pedlingham,9/16/2013,9/16/2022,September,Friday,36
Bary Amyes,7/20/2013,7/20/2022,July,Wednesday,19
Berthe Sheerman,9/29/2013,9/29/2022,September,Thursday,14
Charisse Divina,10/21/2014,10/21/2022,October,Friday,32
Calla Emms,7/22/2013,7/22/2022,July,Friday,49
West Breheny,4/25/2015,4/25/2022,April,Monday,10
Patsy Piner,9/29/2013,9/29/2022,September,Thursday,14
Fairleigh Janusz,2/28/2012,2/28/2022,February,Monday,12
Rodrick Lepere,9/19/2012,9/19/2022,September,Monday,7
Kissie Burkert,7/28/2015,7/28/2022,July,Thursday,12
Alanson Joost,7/10/2015,7/10/2022,July,Friday,49
Shelly Deares,7/17/2014,7/17/2022,July,Friday,49
Angy Moseby,2/27/2012,2/27/2022,February,Friday,31
Corabel Triggol,2/5/2015,2/5/2022,February,Friday,31
Jose Kennan,9/23/2011,9/23/2022,September,Friday,36
Ferd Dey,4/5/2015,4/5/2022,April,Tuesday,4
Katlin Bumphrey,2/28/2012,2/28/2022,February,Monday,12
Dana Gauld,7/15/2014,7/15/2022,July,Friday,49
Alys McReidy,10/21/2011,10/21/2022,October,Friday,32
Maure Kenwell,10/20/2012,10/20/2022,October,Thursday,14
Virgie Roark,8/12/2015,8/12/2022,August,Friday,24
Jacklin Biggerstaff,5/30/2015,5/30/2022,May,Monday,7
Wade Fautly,9/28/2014,9/28/2022,September,Wednesday,7
Loydie Capewell,4/6/2014,4/6/2022,April,Wednesday,12
Emmalynn Sankey,6/11/2014,6/11/2022,June,Friday,30
Shannon Gerring,8/30/2013,8/30/2022,August,Tuesday,15
Denna Cornewall,10/17/2011,10/17/2022,October,Monday,14
Meyer Barca,7/13/2014,7/13/2022,July,Wednesday,19
Goldia Macklin,1/17/2013,1/17/2022,January,Monday,14
Curry Dawbery,4/25/2013,4/25/2022,April,Monday,10
Heidi Elderkin,11/16/2012,11/16/2022,November,Wednesday,17
Peggie Derrett,6/29/2012,6/29/2022,June,Wednesday,15
Ingunna Hauck,1/26/2015,1/26/2022,January,Wednesday,14
Emmott Gosson,2/1/2012,2/1/2022,February,Tuesday,13
Guinna O'Currine,2/7/2015,2/7/2022,February,Monday,12
Haleigh Causier,5/31/2012,5/31/2022,May,Tuesday,15
Karel Hovenden,10/6/2014,10/6/2022,October,Thursday,14
Ragnar Heathcott,2/3/2015,2/3/2022,February,Thursday,12
Axe Gleder,5/3/2014,5/3/2022,May,Tuesday,15
Poul Frane,4/11/2012,4/11/2022,April,Monday,10
Jerry Pelerin,11/17/2011,11/17/2022,November,Thursday,13
Gayler Littledike,12/8/2013,12/8/2022,December,Thursday,20
Bartlett Chilvers,8/22/2015,8/22/2022,August,Monday,12
Harwell Munnings,12/25/2013,12/25/2022,December,Friday,45
Russell Constantine,11/14/2012,11/14/2022,November,Monday,11
Zulema Ludlom,1/25/2015,1/25/2022,January,Tuesday,12
Dewain Wogdon,10/10/2014,10/10/2022,October,Monday,14
Merrily Altamirano,3/18/2013,3/18/2022,March,Friday,31
Bartholemy Rattrie,2/24/2013,2/24/2022,February,Thursday,12
Leroi Heikkinen,4/21/2012,4/21/2022,April,Thursday,11
Kamila Blakes,6/29/2014,6/29/2022,June,Wednesday,15
Vincent Seedull,1/12/2012,1/12/2022,January,Wednesday,14
Remy La Torre,4/23/2013,4/23/2022,April,Friday,55
Brig Lawty,3/28/2015,3/28/2022,March,Monday,8
Kassie Darben,2/10/2014,2/10/2022,February,Thursday,12
Barnie Drees,4/25/2013,4/25/2022,April,Monday,10
Leslie Pezey,8/2/2013,8/2/2022,August,Tuesday,15
Ted Gobel,5/29/2014,5/29/2022,May,Friday,31
Noach Pagen,11/11/2013,11/11/2022,November,Friday,39
Elita Taggert,11/8/2012,11/8/2022,November,Tuesday,12
Tony Roches,7/3/2013,7/3/2022,July,Friday,49
Phelia Wines,12/7/2011,12/7/2022,December,Wednesday,9
Kris Boarer,2/4/2013,2/4/2022,February,Friday,31
Courtnay Fearey,1/30/2012,1/30/2022,January,Friday,33
Bartie Pedrazzi,1/8/2014,1/8/2022,January,Friday,33
Pincas Sogg,8/19/2015,8/19/2022,August,Friday,24
Delainey Rand,3/10/2012,3/10/2022,March,Thursday,19
Alvy Fleis,10/28/2012,10/28/2022,October,Friday,32
Chrotoem Thominga,7/20/2014,7/20/2022,July,Wednesday,19
Ebeneser Gobel,5/10/2012,5/10/2022,May,Tuesday,15
Orelee Perillio,2/19/2014,2/19/2022,February,Friday,31
Carmelita Wiffen,9/11/2011,9/11/2022,September,Friday,36
Dion Grimestone,9/16/2011,9/16/2022,September,Friday,36
Terry Sloey,3/29/2013,3/29/2022,March,Tuesday,13
Reube Pallaske,8/4/2015,8/4/2022,August,Thursday,10
Ossie Woodard,1/12/2012,1/12/2022,January,Wednesday,14
Olly Navarijo,9/8/2012,9/8/2022,September,Thursday,14
Maybelle Shackesby,4/30/2015,4/30/2022,April,Friday,55
Seumas Plum,4/28/2013,4/28/2022,April,Thursday,11
Burl Glassborow,7/31/2015,7/31/2022,July,Friday,49
Farra Laidler,3/29/2015,3/29/2022,March,Tuesday,13
Olwen Callicott,2/1/2013,2/1/2022,February,Tuesday,13
Zoe Djorvic,4/4/2013,4/4/2022,April,Monday,10
Tonye Faudrie,4/1/2012,4/1/2022,April,Friday,55
Jody Alvin,5/15/2013,5/15/2022,May,Friday,31
Brandie Feuell,5/10/2015,5/10/2022,May,Tuesday,15
Mic Stonard,7/12/2013,7/12/2022,July,Tuesday,12
Jilli Kevane,11/11/2011,11/11/2022,November,Friday,39
Jessie Fforde,6/5/2014,6/5/2022,June,Friday,30
Eleonora Manntschke,12/12/2014,12/12/2022,December,Monday,20
Westley Bergin,12/30/2012,12/30/2022,December,Friday,45
Thelma Carabine,6/14/2014,6/14/2022,June,Tuesday,11
Nannie Ferebee,3/11/2015,3/11/2022,March,Friday,31
Sib Klink,12/7/2014,12/7/2022,December,Wednesday,9
Keely Skellion,7/24/2015,7/24/2022,July,Friday,49
Erinna Rosthorn,6/14/2013,6/14/2022,June,Tuesday,11
Elvin Lewinton,9/10/2013,9/10/2022,September,Friday,36
Rosana Zoellner,5/19/2014,5/19/2022,May,Thursday,12
Elaine Blackborough,7/31/2013,7/31/2022,July,Friday,49
Roddie Ovett,7/10/2013,7/10/2022,July,Friday,49
Ninnetta Galia,4/1/2013,4/1/2022,April,Friday,55
Casandra Norewood,11/24/2014,11/24/2022,November,Thursday,13
Pen Haney`,12/25/2011,12/25/2022,December,Friday,45
Brigg Mendel,2/20/2015,2/20/2022,February,Friday,31
Susana Cookney,3/17/2012,3/17/2022,March,Thursday,19
Codi Widger,7/4/2014,7/4/2022,July,Monday,11
Sonny Finlason,11/26/2014,11/26/2022,November,Friday,39
Felike Whardley,7/18/2014,7/18/2022,July,Monday,11
Aileen Overill,6/26/2012,6/26/2022,June,Friday,30
Rayna Hobble,1/2/2014,1/2/2022,January,Friday,33
Dela Corradeschi,10/4/2014,10/4/2022,October,Tuesday,9
Temple Arnald,11/15/2013,11/15/2022,November,Tuesday,12
Corey Garnsworthy,1/12/2012,1/12/2022,January,Wednesday,14
Lyssa Skotcher,3/3/2013,3/3/2022,March,Thursday,19
Farra Congreave,6/20/2014,6/20/2022,June,Monday,9
Chanda Hartle,8/23/2014,8/23/2022,August,Tuesday,15
Emmott Pressman,11/2/2012,11/2/2022,November,Wednesday,17
Alvera Roussel,5/22/2013,5/22/2022,May,Friday,31
Korney Pennington,8/24/2013,8/24/2022,August,Wednesday,10
Travus Rousby,9/20/2011,9/20/2022,September,Tuesday,12
Wakefield Pleaden,2/21/2014,2/21/2022,February,Monday,12
Amy Pirrie,11/6/2013,11/6/2022,November,Friday,39
Barn Poyntz,6/22/2015,6/22/2022,June,Wednesday,15
Heindrick Okie,5/6/2014,5/6/2022,May,Friday,31
Gan Thulborn,12/18/2011,12/18/2022,December,Friday,45
Delphinia Wallach,6/12/2015,6/12/2022,June,Friday,30
Harlin Hallad,11/28/2012,11/28/2022,November,Monday,11
Ida Side,4/22/2015,4/22/2022,April,Friday,55
Lia Cavilla,4/6/2015,4/6/2022,April,Wednesday,12
Tammie Bevans,12/17/2012,12/17/2022,December,Friday,45
Towney Genny,10/26/2011,10/26/2022,October,Wednesday,13
Darsie Midson,7/10/2015,7/10/2022,July,Friday,49
Bobbee Timeby,10/12/2014,10/12/2022,October,Wednesday,13
Giacinta Pardal,5/28/2012,5/28/2022,May,Friday,31
Justinian McCrossan,1/25/2015,1/25/2022,January,Tuesday,12
Maxine Peizer,10/6/2013,10/6/2022,October,Thursday,14
Claudell Oloshin,12/25/2011,12/25/2022,December,Friday,45
Risa Marc,7/31/2013,7/31/2022,July,Friday,49
Leontine Kowalski,12/31/2011,12/31/2022,December,Friday,45
Yasmin Lindsell,9/28/2012,9/28/2022,September,Wednesday,7
Carlyle Bestwick,8/8/2013,8/8/2022,August,Monday,12
Arnold Emps,6/22/2013,6/22/2022,June,Wednesday,15
Cassandry Trevaskus,1/5/2015,1/5/2022,January,Wednesday,14
Julianna Whitlock,2/25/2014,2/25/2022,February,Friday,31
Meryl Grzelewski,6/4/2012,6/4/2022,June,Friday,30
Louella Ketch,8/17/2015,8/17/2022,August,Wednesday,10
Meredith Dreng,9/12/2011,9/12/2022,September,Monday,7
Brana Bridgstock,1/4/2015,1/4/2022,January,Tuesday,12
Efrem Roswarne,10/21/2014,10/21/2022,October,Friday,32
Catrina Hannabuss,3/12/2012,3/12/2022,March,Friday,31
Ainslie Swansbury,10/3/2012,10/3/2022,October,Monday,14
Jerry Archard,3/9/2013,3/9/2022,March,Wednesday,6
Cly Chevis,12/19/2012,12/19/2022,December,Monday,20
Tarrance Alves,12/24/2013,12/24/2022,December,Friday,45
Geneva Bakesef,12/5/2014,12/5/2022,December,Monday,20
Rosaline Youel,3/19/2013,3/19/2022,March,Friday,31
Livvyy Cessford,6/23/2014,6/23/2022,June,Thursday,12
Deirdre Maharey,7/17/2015,7/17/2022,July,Friday,49
Dyan Heckney,5/2/2014,5/2/2022,May,Monday,7
Alika Bunclark,11/9/2014,11/9/2022,November,Wednesday,17
Daryle Flewitt,9/11/2012,9/11/2022,September,Friday,36
Clovis Okeshott,2/1/2015,2/1/2022,February,Tuesday,13
Gratia Shory,4/2/2015,4/2/2022,April,Friday,55
Alane Beidebeke,11/22/2012,11/22/2022,November,Tuesday,12
Bridie Hembery,5/26/2013,5/26/2022,May,Thursday,12
Hannis Loughran,2/2/2013,2/2/2022,February,Wednesday,8
Gwen Glowinski,3/4/2012,3/4/2022,March,Friday,31
Henrie Wrightson,12/1/2014,12/1/2022,December,Thursday,20
Ludwig Raine,2/18/2014,2/18/2022,February,Friday,31
Hamel Pie,12/24/2013,12/24/2022,December,Friday,45
Tamma Sergison,6/19/2012,6/19/2022,June,Friday,30
Ninetta Worling,2/15/2015,2/15/2022,February,Tuesday,13
Stanford Tinton,4/9/2013,4/9/2022,April,Friday,55
Ertha MacCook,12/14/2013,12/14/2022,December,Wednesday,9
Lawton Randles,12/12/2011,12/12/2022,December,Monday,20
Engracia Pashbee,9/23/2013,9/23/2022,September,Friday,36
